{
    "total_cells": 47,
    "cells_with_inclusions": 44,
    "cells_without_inclusions": 3,
    "percent_cells_with_inclusions": 93.61702127659575,
    "total_inclusions": 65,
    "avg_inclusions_per_cell": 1.3829787234042554,
    "std_inclusions_per_cell": 0.8135342252895814,
    "avg_inclusion_area": 190.2153846153846,
    "std_inclusion_area": 101.74349229730652,
    "avg_inclusion_ratio": 0.3679225870052201,
    "std_inclusion_ratio": 0.11154466435767675,
    "global_inclusion_ratio": 0.38173453950415265,
    "total_cell_area": 32389,
    "total_inclusion_area": 12364.0
}