{
    "total_cells": 34,
    "cells_with_inclusions": 33,
    "cells_without_inclusions": 1,
    "percent_cells_with_inclusions": 97.05882352941177,
    "total_inclusions": 58,
    "avg_inclusions_per_cell": 1.7058823529411764,
    "std_inclusions_per_cell": 0.8235294117647057,
    "avg_inclusion_area": 224.6206896551724,
    "std_inclusion_area": 115.98466420419062,
    "avg_inclusion_ratio": 0.3898457773354261,
    "std_inclusion_ratio": 0.09790680348084088,
    "global_inclusion_ratio": 0.38343585366571503,
    "total_cell_area": 33977,
    "total_inclusion_area": 13028.0
}