{
    "total_cells": 43,
    "cells_with_inclusions": 43,
    "cells_without_inclusions": 0,
    "percent_cells_with_inclusions": 100.0,
    "total_inclusions": 92,
    "avg_inclusions_per_cell": 2.13953488372093,
    "std_inclusions_per_cell": 0.8513025682661919,
    "avg_inclusion_area": 139.66304347826087,
    "std_inclusion_area": 66.97586800546199,
    "avg_inclusion_ratio": 0.4010388618677129,
    "std_inclusion_ratio": 0.037432997680110755
}