{
    "total_cells": 43,
    "cells_with_inclusions": 43,
    "cells_without_inclusions": 0,
    "percent_cells_with_inclusions": 100.0,
    "total_inclusions": 98,
    "avg_inclusions_per_cell": 2.2790697674418605,
    "std_inclusions_per_cell": 0.7257900713640574,
    "avg_inclusion_area": 61.04081632653061,
    "std_inclusion_area": 29.052703118940318,
    "avg_cell_area": 738.0,
    "avg_inclusion_ratio": 0.18732614504826878,
    "std_inclusion_ratio": 0.020840138418333275
}